id,first_name,last_name,email,gender,ip_address
1,Rodrigo,Pimbley,rpimbley0@spiegel.de,Bigender,190.118.137.251
2,Randie,Isaq,risaq1@cisco.com,Male,206.213.157.177
3,Alfie,Vitet,avitet2@google.com.br,Male,202.16.156.231
4,Eustacia,Maestro,emaestro3@rakuten.co.jp,Female,166.122.184.215
5,Imojean,Allbut,iallbut4@google.ca,Female,102.140.84.229
6,Mendie,Crichmere,mcrichmere5@1und1.de,Male,106.58.153.215
7,Pepito,Tondeur,ptondeur6@netscape.com,Male,18.9.50.183
8,Adolph,Fitzpayn,afitzpayn7@quantcast.com,Male,51.238.204.113
9,Denyse,Figgures,dfiggures8@yahoo.com,Female,235.32.125.73
10,Tammy,Killner,tkillner9@washington.edu,Male,112.66.126.122
11,Jaclyn,Kobierski,jkobierskia@blogs.com,Female,28.246.18.86
12,Sandy,Jeyness,sjeynessb@abc.net.au,Male,147.194.10.129
13,Eadith,Bangs,ebangsc@youtube.com,Female,133.140.181.17
14,Adelaide,Coop,acoopd@bbb.org,Female,234.148.79.192
15,Umberto,Blaske,ublaskee@accuweather.com,Male,7.143.230.66
16,Foster,Chinnock,fchinnockf@skyrock.com,Male,186.155.162.176
17,Wilhelmina,Derges,wdergesg@1und1.de,Bigender,54.96.57.128
18,Inga,Pietrowski,ipietrowskih@bloomberg.com,Female,100.116.114.63
19,Shae,Neachell,sneachelli@spiegel.de,Male,36.227.183.187
20,Julio,Fosh,jfoshj@netvibes.com,Male,200.131.157.5
21,Catie,Tedder,ctedderk@ow.ly,Bigender,17.108.165.109
22,Dorothee,Jewett,djewettl@hexun.com,Female,114.30.71.134
23,Jillayne,Narup,jnarupm@google.co.uk,Female,118.161.102.165
24,Lombard,Kinlock,lkinlockn@geocities.com,Male,165.79.158.23
25,Wolfgang,Davioud,wdavioudo@t-online.de,Male,102.95.32.67
26,Obidiah,Miettinen,omiettinenp@paginegialle.it,Male,182.225.191.177
27,Barrett,Keat,bkeatq@theatlantic.com,Male,0.157.76.105
28,Missy,Kopfen,mkopfenr@imdb.com,Female,16.79.56.216
29,Reynard,Depka,rdepkas@cocolog-nifty.com,Male,170.218.39.178
30,Phil,Beach,pbeacht@ow.ly,Female,184.76.40.190
31,Adria,Iliff,ailiffu@gov.uk,Female,17.218.80.182
32,Giorgia,Boothroyd,gboothroydv@yolasite.com,Genderfluid,22.12.73.168
33,Ernie,Breakspear,ebreakspearw@trellian.com,Male,142.171.64.215
34,Gene,Dunthorne,gdunthornex@mapquest.com,Female,80.102.106.230
35,Roxanne,Hundal,rhundaly@4shared.com,Female,32.115.226.9
36,Osbert,Corder,ocorderz@huffingtonpost.com,Male,105.75.34.184
37,Kinny,Formilli,kformilli10@amazon.co.uk,Male,45.160.71.123
38,Alexa,Westmancoat,awestmancoat11@bloglines.com,Female,117.170.236.162
39,Lisabeth,Jeanet,ljeanet12@cisco.com,Female,145.68.172.149
40,Chrissy,Clemmey,cclemmey13@seattletimes.com,Female,211.174.223.152
41,Shirley,Lippo,slippo14@wufoo.com,Female,92.94.40.233
42,Janos,Flewan,jflewan15@bravesites.com,Male,57.242.73.254
43,Sula,Crosseland,scrosseland16@ox.ac.uk,Female,155.125.45.26
44,Blaire,McLagain,bmclagain17@buzzfeed.com,Genderqueer,2.185.81.198
45,Norina,Hathwood,nhathwood18@joomla.org,Female,69.249.206.23
46,Napoleon,Dono,ndono19@gravatar.com,Male,246.12.137.164
47,Christos,Glauber,cglauber1a@mit.edu,Male,141.219.92.139
48,Tabby,Tosspell,ttosspell1b@abc.net.au,Female,71.197.47.54
49,Karon,Maly,kmaly1c@sciencedirect.com,Bigender,199.224.35.92
50,Elliot,Freyne,efreyne1d@shutterfly.com,Male,134.247.158.130
51,Hyatt,Conibeer,hconibeer1e@example.com,Polygender,230.65.246.148
52,Caesar,Ostick,costick1f@xinhuanet.com,Male,115.20.119.232
53,Corrine,Hars,chars1g@google.es,Female,131.66.3.142
54,Ephrem,Kynder,ekynder1h@arstechnica.com,Male,220.241.193.240
55,Orlan,Brickdale,obrickdale1i@bbc.co.uk,Male,177.15.225.245
56,Correy,Gossop,cgossop1j@europa.eu,Female,154.137.89.94
57,Gaspar,Mantle,gmantle1k@geocities.jp,Genderqueer,227.167.182.18
58,Kele,Romaine,kromaine1l@apple.com,Male,112.186.155.24
59,Barbie,Navein,bnavein1m@washington.edu,Female,25.66.67.190
60,Kellia,Baldery,kbaldery1n@csmonitor.com,Female,208.29.223.54
61,Nealson,Ulrik,nulrik1o@harvard.edu,Genderqueer,200.51.193.202
62,Nanni,Kleinpeltz,nkleinpeltz1p@jimdo.com,Female,26.8.106.141
63,Burtie,Julyan,bjulyan1q@mac.com,Bigender,36.124.250.215
64,Willi,Linggard,wlinggard1r@yale.edu,Polygender,71.157.124.233
65,Olvan,Leates,oleates1s@nasa.gov,Male,225.82.185.162
66,Jannel,Thresher,jthresher1t@aol.com,Female,53.88.238.221
67,Renaldo,Vallintine,rvallintine1u@goodreads.com,Male,128.35.12.0
68,Cornelia,Stickley,cstickley1v@multiply.com,Female,169.158.78.178
69,Lise,Torricina,ltorricina1w@prweb.com,Female,105.188.102.94
70,Bartholemy,Delafont,bdelafont1x@gizmodo.com,Male,35.94.207.66
71,Keri,Lemary,klemary1y@flavors.me,Female,46.180.92.226
72,Olivero,Haselwood,ohaselwood1z@xinhuanet.com,Male,15.223.182.68
73,Eyde,Reis,ereis20@behance.net,Female,59.169.27.40
74,Jonathan,Munford,jmunford21@list-manage.com,Male,37.40.26.80
75,Nobie,Aylen,naylen22@accuweather.com,Male,194.75.202.56
76,Hazel,Petrenko,hpetrenko23@disqus.com,Female,4.84.99.16
77,Lukas,Claughton,lclaughton24@shop-pro.jp,Male,97.106.187.142
78,Patten,Niemetz,pniemetz25@cargocollective.com,Male,76.153.184.95
79,Zonnya,Dunnet,zdunnet26@salon.com,Female,90.99.244.247
80,Ruddy,Coult,rcoult27@vistaprint.com,Male,128.103.97.165
81,Deirdre,Dettmar,ddettmar28@xing.com,Female,135.121.221.54
82,Ardyce,Gourley,agourley29@wiley.com,Genderqueer,145.160.207.207
83,Nedi,Heaney`,nheaney2a@altervista.org,Female,153.66.199.15
84,Vance,Colvill,vcolvill2b@cmu.edu,Male,23.110.17.208
85,Cal,Kinde,ckinde2c@mtv.com,Genderqueer,230.252.243.221
86,Shelley,Bisterfeld,sbisterfeld2d@microsoft.com,Female,113.64.90.30
87,Bibby,Ingold,bingold2e@dagondesign.com,Female,26.187.213.129
88,Elayne,Ellen,eellen2f@technorati.com,Female,48.77.31.112
89,Philippa,Pynn,ppynn2g@washington.edu,Female,96.9.206.16
90,Upton,Piffe,upiffe2h@amazon.co.jp,Bigender,187.177.49.187
91,Darbie,Berrisford,dberrisford2i@tumblr.com,Female,242.146.162.144
92,Wynnie,Oulett,woulett2j@shinystat.com,Female,18.183.74.246
93,Eolande,Lorrie,elorrie2k@scientificamerican.com,Female,249.12.84.53
94,Klarika,Lambal,klambal2l@dagondesign.com,Female,227.207.231.91
95,Patrick,Kleuer,pkleuer2m@sciencedaily.com,Male,110.122.27.185
96,Elwyn,Lung,elung2n@blogs.com,Male,42.110.248.29
97,Washington,Bampkin,wbampkin2o@naver.com,Male,91.73.39.222
98,Lars,Pitherick,lpitherick2p@geocities.jp,Male,73.206.195.185
99,Salli,Laing,slaing2q@dyndns.org,Female,125.244.38.202
100,Wanda,Eatttok,weatttok2r@1688.com,Female,69.163.35.198
101,Ignacius,Lacoste,ilacoste2s@cnet.com,Male,247.72.179.172
102,Reuben,Dowson,rdowson2t@so-net.ne.jp,Male,221.127.133.179
103,Edin,Hillan,ehillan2u@opensource.org,Genderfluid,0.215.111.137
104,Jackquelin,Stanex,jstanex2v@weebly.com,Female,223.230.1.78
105,Dud,Bleakman,dbleakman2w@answers.com,Male,42.96.33.89
106,Hollie,Barson,hbarson2x@telegraph.co.uk,Female,229.169.74.253
107,Bank,Stayt,bstayt2y@paypal.com,Male,145.187.211.30
108,Evyn,Presidey,epresidey2z@photobucket.com,Male,124.102.218.104
109,Phineas,Dittson,pdittson30@bing.com,Male,63.193.68.4
110,Wyatt,Hane,whane31@alibaba.com,Male,26.89.230.48
111,Clare,Pic,cpic32@weebly.com,Female,94.15.183.51
112,Ford,Deamer,fdeamer33@mozilla.com,Male,249.193.45.43
113,Hyacinth,Dundridge,hdundridge34@ow.ly,Female,53.221.104.164
114,Willabella,Murtimer,wmurtimer35@home.pl,Female,60.201.104.20
115,Sherri,Cleveley,scleveley36@gmpg.org,Female,191.29.169.184
116,Issiah,Bousler,ibousler37@youtu.be,Male,119.205.72.157
117,Pamela,Bovis,pbovis38@wp.com,Female,200.187.45.8
118,Anselma,Josh,ajosh39@ezinearticles.com,Female,55.164.196.101
119,Thorsten,Harborow,tharborow3a@blogspot.com,Male,6.162.62.173
120,Sarah,Ballintime,sballintime3b@photobucket.com,Female,122.251.17.69
121,Amos,Flemyng,aflemyng3c@github.io,Male,111.237.52.49
122,Elyssa,Korejs,ekorejs3d@free.fr,Female,127.181.87.230
123,Sheff,Sapp,ssapp3e@twitter.com,Male,122.141.39.129
124,Whitaker,Tower,wtower3f@infoseek.co.jp,Male,215.232.89.157
125,Jedd,Helliar,jhelliar3g@businessinsider.com,Male,128.8.199.222
126,Victoria,Marchbank,vmarchbank3h@over-blog.com,Female,169.193.203.191
127,Ronnica,Ripon,rripon3i@wunderground.com,Female,233.198.124.65
128,Dorella,Lehrian,dlehrian3j@usa.gov,Female,238.9.194.5
129,Glyn,Sauter,gsauter3k@qq.com,Female,132.112.0.64
130,Cort,Potter,cpotter3l@timesonline.co.uk,Non-binary,159.154.112.82
131,Oran,Kniveton,okniveton3m@nature.com,Male,174.30.186.49
132,Marge,McAline,mmcaline3n@chicagotribune.com,Female,118.209.143.54
133,Flossy,Getch,fgetch3o@toplist.cz,Female,234.5.252.127
134,Vick,Simanenko,vsimanenko3p@google.ru,Male,17.231.241.238
135,Hurley,Gregoretti,hgregoretti3q@pinterest.com,Male,60.91.155.235
136,Danila,Firebrace,dfirebrace3r@princeton.edu,Female,100.246.241.167
137,Robert,Ciccetti,rciccetti3s@friendfeed.com,Non-binary,6.214.185.251
138,Samuel,Huccaby,shuccaby3t@amazon.com,Male,106.236.209.62
139,Merilee,Moston,mmoston3u@spiegel.de,Female,79.194.245.150
140,Solly,Divall,sdivall3v@freewebs.com,Male,60.98.121.57
141,Hedy,Denekamp,hdenekamp3w@etsy.com,Female,102.237.149.221
142,Cos,Stobart,cstobart3x@squidoo.com,Male,43.4.241.175
143,Alida,Witchalls,awitchalls3y@amazon.de,Female,82.118.23.13
144,Oswald,Pardi,opardi3z@princeton.edu,Non-binary,64.241.173.88
145,Wandie,Janczewski,wjanczewski40@sphinn.com,Female,36.3.188.194
146,Bella,Kardos,bkardos41@businesswire.com,Female,29.4.225.162
147,Pen,Jimenez,pjimenez42@google.nl,Polygender,165.40.18.106
148,Iorgos,Eyam,ieyam43@chicagotribune.com,Male,107.55.6.33
149,Julia,Massenhove,jmassenhove44@multiply.com,Female,236.222.47.131
150,Humberto,Daenen,hdaenen45@alexa.com,Male,207.10.112.235
151,Barton,Wymer,bwymer46@toplist.cz,Male,12.214.111.120
152,Jard,Halleybone,jhalleybone47@zimbio.com,Male,14.112.252.109
153,Melisandra,Pechell,mpechell48@tuttocitta.it,Female,78.134.224.1
154,Camilla,Auten,cauten49@mlb.com,Female,19.28.43.46
155,Dode,Boissier,dboissier4a@cdbaby.com,Female,247.117.233.25
156,Valida,Piller,vpiller4b@wix.com,Female,161.251.151.251
157,Dinah,Bockler,dbockler4c@berkeley.edu,Female,232.156.21.24
158,Rakel,Stangroom,rstangroom4d@geocities.jp,Female,204.230.141.192
159,Marleen,Chidler,mchidler4e@lulu.com,Female,214.247.47.88
160,Arabele,Wyllcocks,awyllcocks4f@booking.com,Female,63.245.170.29
161,Calli,Crimin,ccrimin4g@omniture.com,Bigender,191.32.207.0
162,Dane,Ferrao,dferrao4h@oaic.gov.au,Male,147.124.233.120
163,Freddy,Klaffs,fklaffs4i@wiley.com,Female,234.19.80.84
164,Liuka,Giblett,lgiblett4j@twitter.com,Female,29.231.168.57
165,Hanson,Stanes,hstanes4k@walmart.com,Male,210.86.169.114
166,Swen,Cluckie,scluckie4l@earthlink.net,Genderqueer,159.148.0.21
167,Joaquin,Godard,jgodard4m@angelfire.com,Male,253.64.134.63
168,Teddy,Ledes,tledes4n@blinklist.com,Female,43.120.250.227
169,Russell,Belbin,rbelbin4o@fc2.com,Male,211.172.202.98
170,Nolana,Mongain,nmongain4p@fastcompany.com,Female,12.5.117.146
171,Melessa,Knighton,mknighton4q@ted.com,Female,192.87.57.45
172,Errick,Tilt,etilt4r@apple.com,Male,72.194.62.223
173,Shelton,Claye,sclaye4s@huffingtonpost.com,Male,74.222.136.183
174,Albert,Glaysher,aglaysher4t@hud.gov,Male,128.136.10.21
175,Cyndia,Skells,cskells4u@nature.com,Female,157.182.246.206
176,Ricard,Fallanche,rfallanche4v@shutterfly.com,Male,11.76.123.16
177,Simon,Gravett,sgravett4w@shareasale.com,Male,104.5.62.152
178,Timmie,Santen,tsanten4x@dion.ne.jp,Female,63.229.44.168
179,Jimmy,Stapley,jstapley4y@fda.gov,Genderqueer,118.228.164.194
180,Emma,Mathiasen,emathiasen4z@who.int,Female,10.31.147.130
181,Madelle,Elce,melce50@go.com,Bigender,94.8.50.106
182,Bertha,Jimmes,bjimmes51@angelfire.com,Female,62.75.211.123
183,Curt,Sabban,csabban52@bloglines.com,Male,213.4.170.150
184,Ario,Guyon,aguyon53@feedburner.com,Male,56.107.121.0
185,Lorita,Pounder,lpounder54@cloudflare.com,Female,94.158.249.176
186,Kristopher,Chaffe,kchaffe55@msn.com,Agender,24.172.225.201
187,Dani,Sommersett,dsommersett56@networkadvertising.org,Female,242.16.203.80
188,Lilllie,Mooring,lmooring57@java.com,Non-binary,171.209.18.220
189,Devinne,Dwelley,ddwelley58@cam.ac.uk,Female,175.6.20.221
190,Phil,Verdey,pverdey59@mlb.com,Male,239.200.124.204
191,Juliane,Doolan,jdoolan5a@slashdot.org,Female,168.10.112.231
192,Neila,Gleder,ngleder5b@seesaa.net,Female,134.203.220.146
193,Lonni,Queripel,lqueripel5c@ftc.gov,Female,100.210.62.234
194,Maurizio,Tweedie,mtweedie5d@noaa.gov,Male,195.253.49.45
195,Rolfe,Gellett,rgellett5e@google.ca,Male,142.153.79.144
196,Maddi,Lantoph,mlantoph5f@hao123.com,Genderqueer,5.17.100.67
197,Robinetta,Cleen,rcleen5g@wordpress.org,Female,61.8.4.199
198,Verney,Casale,vcasale5h@mac.com,Male,83.62.28.101
199,Culley,Edwards,cedwards5i@blog.com,Male,196.119.121.39
200,Shelby,Riccardo,sriccardo5j@webnode.com,Female,122.13.119.217
201,Creigh,Grevatt,cgrevatt5k@vinaora.com,Male,158.132.70.58
202,Obadiah,Benzing,obenzing5l@360.cn,Male,20.254.241.117
203,Red,Elvins,relvins5m@geocities.jp,Male,207.233.72.20
204,Chandal,Rossborough,crossborough5n@hubpages.com,Agender,171.130.229.7
205,Katuscha,Lambarth,klambarth5o@ftc.gov,Female,249.36.79.230
206,Jere,Stetson,jstetson5p@mysql.com,Male,147.222.254.255
207,Dorelia,Errigo,derrigo5q@google.it,Female,230.191.247.209
208,Cullin,Marques,cmarques5r@prlog.org,Male,42.167.232.185
209,Alford,Tapscott,atapscott5s@usda.gov,Male,6.166.134.182
210,Freida,Hugues,fhugues5t@psu.edu,Female,23.172.232.107
211,Lannie,Greenway,lgreenway5u@ucoz.com,Male,32.13.218.108
212,Ingram,Mechi,imechi5v@google.ru,Male,104.142.31.103
213,Fanni,Waldron,fwaldron5w@slideshare.net,Female,171.207.30.40
214,Shina,Charlon,scharlon5x@rediff.com,Non-binary,23.199.115.100
215,Winnah,Sawle,wsawle5y@berkeley.edu,Female,34.192.137.63
216,Correy,Featenby,cfeatenby5z@so-net.ne.jp,Female,132.245.175.28
217,Marabel,O'Garmen,mogarmen60@hostgator.com,Female,100.54.144.45
218,Agnola,Copins,acopins61@gnu.org,Female,236.139.146.9
219,Leonerd,Norrington,lnorrington62@flavors.me,Male,185.161.179.254
220,Laina,Mc Curlye,lmccurlye63@is.gd,Female,14.80.175.111
221,Binni,Arntzen,barntzen64@people.com.cn,Female,208.217.210.59
222,Allianora,Milhench,amilhench65@canalblog.com,Female,41.209.13.136
223,Toiboid,Bogart,tbogart66@simplemachines.org,Male,17.242.159.3
224,Prudy,Bartel,pbartel67@ed.gov,Female,145.90.254.224
225,Nerty,Halton,nhalton68@yolasite.com,Female,158.3.220.93
226,Hailee,Jales,hjales69@parallels.com,Female,153.106.47.74
227,Malchy,McGahern,mmcgahern6a@sourceforge.net,Male,131.151.238.209
228,Francisca,McGeachie,fmcgeachie6b@samsung.com,Female,190.38.212.187
229,Tades,Gorden,tgorden6c@pen.io,Male,220.100.90.139
230,Violante,Carek,vcarek6d@pagesperso-orange.fr,Female,251.83.176.21
231,Nessy,Bunner,nbunner6e@xrea.com,Female,31.60.128.148
232,Bryn,O'Crevy,bocrevy6f@cocolog-nifty.com,Male,155.109.123.159
233,Angil,Dacke,adacke6g@sphinn.com,Female,184.202.9.113
234,Leilah,Quinane,lquinane6h@shop-pro.jp,Female,248.112.238.92
235,Marcos,Rannigan,mrannigan6i@geocities.jp,Male,36.182.70.233
236,Lazarus,Hasslocher,lhasslocher6j@senate.gov,Male,69.44.213.95
237,Rianon,Ibbitt,ribbitt6k@cdbaby.com,Female,171.180.21.248
238,Madelene,Penylton,mpenylton6l@ezinearticles.com,Female,253.54.29.47
239,Patty,Piggott,ppiggott6m@theguardian.com,Male,69.196.13.9
240,Adore,Lofty,alofty6n@unesco.org,Female,222.187.247.247
241,Amandy,Tym,atym6o@quantcast.com,Female,25.143.132.45
242,Stephani,Endon,sendon6p@canalblog.com,Female,179.85.128.182
243,Pietrek,Skala,pskala6q@lycos.com,Genderfluid,11.71.52.1
244,Kyle,Theunissen,ktheunissen6r@51.la,Bigender,211.236.128.162
245,Andria,Portis,aportis6s@t-online.de,Female,2.57.196.166
246,Kalindi,Munroe,kmunroe6t@privacy.gov.au,Female,243.143.106.93
247,Theo,Priestley,tpriestley6u@cbsnews.com,Genderqueer,101.177.48.148
248,Anneliese,St. Queintain,astqueintain6v@state.tx.us,Female,252.231.196.51
249,Aundrea,Sixsmith,asixsmith6w@nydailynews.com,Female,125.173.42.22
250,Vidovic,Enrico,venrico6x@mozilla.org,Male,139.85.125.168
251,Trent,Livzey,tlivzey6y@nifty.com,Agender,53.236.203.236
252,Corie,Marcombe,cmarcombe6z@fda.gov,Agender,214.182.208.8
253,Fey,Kingaby,fkingaby70@globo.com,Female,52.235.161.198
254,Patsy,Paolini,ppaolini71@hatena.ne.jp,Agender,38.181.107.208
255,Erhart,McLaren,emclaren72@amazon.com,Male,37.175.53.63
256,Emogene,De La Cote,edelacote73@blinklist.com,Female,139.132.69.20
257,Derron,Burkwood,dburkwood74@artisteer.com,Male,86.44.194.36
258,Irena,Dupree,idupree75@soup.io,Female,197.229.51.86
259,Jared,Sampey,jsampey76@shareasale.com,Male,47.249.188.80
260,Wylie,Stoney,wstoney77@privacy.gov.au,Male,172.10.223.134
261,Roth,Gormley,rgormley78@free.fr,Male,105.152.177.87
262,Nobie,Linwood,nlinwood79@harvard.edu,Male,45.231.141.35
263,Brooke,Marcroft,bmarcroft7a@meetup.com,Male,77.191.179.152
264,Rosalie,Astbury,rastbury7b@geocities.jp,Female,9.235.0.181
265,Tailor,Vidineev,tvidineev7c@google.ru,Male,182.167.25.220
266,Korella,Brame,kbrame7d@meetup.com,Female,146.33.148.11
267,Cad,Scholtis,cscholtis7e@va.gov,Male,129.107.142.231
268,Joby,Boddam,jboddam7f@sakura.ne.jp,Female,130.147.143.212
269,Nathalia,Allcott,nallcott7g@bbb.org,Female,254.117.137.136
270,Dyann,Colyer,dcolyer7h@mayoclinic.com,Bigender,202.59.60.22
271,Brien,Stobart,bstobart7i@wikia.com,Male,157.77.219.11
272,Noelle,Donet,ndonet7j@samsung.com,Female,255.108.67.199
273,Jasmina,Hamnett,jhamnett7k@auda.org.au,Female,209.173.195.68
274,Kelly,Zamora,kzamora7l@t.co,Male,155.21.66.105
275,Margret,Blackmore,mblackmore7m@jigsy.com,Agender,19.17.163.61
276,Sibylla,Frail,sfrail7n@barnesandnoble.com,Female,105.68.19.45
277,Eudora,Kierans,ekierans7o@theglobeandmail.com,Female,20.214.52.60
278,Carey,Gerlts,cgerlts7p@tumblr.com,Bigender,191.91.33.99
279,Janot,Josh,jjosh7q@slideshare.net,Female,202.107.130.227
280,Nataline,Lankham,nlankham7r@w3.org,Female,95.88.206.214
281,Lock,Gokes,lgokes7s@angelfire.com,Male,54.58.50.122
282,Vita,Margram,vmargram7t@hc360.com,Female,70.86.124.109
283,Maurits,Ronald,mronald7u@jiathis.com,Genderfluid,187.107.88.37
284,Lydon,Delve,ldelve7v@dropbox.com,Male,196.143.197.49
285,Robbi,Limerick,rlimerick7w@delicious.com,Female,240.152.172.75
286,Burtie,Pittham,bpittham7x@linkedin.com,Male,171.81.37.158
287,Bill,Pearson,bpearson7y@amazonaws.com,Female,136.52.158.143
288,Kass,Frame,kframe7z@techcrunch.com,Female,147.232.151.132
289,Miltie,Maryska,mmaryska80@canalblog.com,Male,200.216.161.160
290,Walton,Deporte,wdeporte81@cornell.edu,Male,211.75.135.215
291,Kippy,Clutterbuck,kclutterbuck82@bbb.org,Male,141.43.58.244
292,Cosme,Illwell,cillwell83@yahoo.co.jp,Male,139.86.34.213
293,Patrice,Flatley,pflatley84@mtv.com,Genderqueer,73.206.38.200
294,Gris,Mealiffe,gmealiffe85@php.net,Male,29.169.150.156
295,Modesty,McCaughren,mmccaughren86@fastcompany.com,Female,226.211.160.78
296,Margery,Jelks,mjelks87@yellowpages.com,Female,98.77.78.19
297,Stafani,Henstridge,shenstridge88@mac.com,Female,113.33.24.95
298,Roselin,McLaughlin,rmclaughlin89@liveinternet.ru,Female,216.157.150.145
299,Shurwood,Ridout,sridout8a@ucsd.edu,Male,142.165.237.200
300,Thaine,Lukash,tlukash8b@eventbrite.com,Male,134.186.243.208
301,June,Reignard,jreignard8c@businesswire.com,Female,183.110.178.9
302,Carleen,Cumberpatch,ccumberpatch8d@bravesites.com,Female,80.5.193.128
303,Gregor,Kleisle,gkleisle8e@marriott.com,Male,67.48.15.61
304,Jobi,Doull,jdoull8f@canalblog.com,Female,242.3.44.117
305,Johnny,Gate,jgate8g@usa.gov,Male,84.44.81.96
306,Robby,Elgie,relgie8h@huffingtonpost.com,Female,255.102.0.91
307,Kristin,Godfray,kgodfray8i@marriott.com,Female,214.219.33.250
308,Robbin,Armatidge,rarmatidge8j@nhs.uk,Female,170.102.99.145
309,Ricki,Sherbrook,rsherbrook8k@bravesites.com,Male,146.135.22.117
310,Kristos,Whitney,kwhitney8l@prweb.com,Male,184.78.34.13
311,Raddy,Robecon,rrobecon8m@va.gov,Male,164.184.13.99
312,Anderea,Bramall,abramall8n@yolasite.com,Female,127.32.22.250
313,Harri,Merwood,hmerwood8o@admin.ch,Female,93.222.179.95
314,Nye,Wilcott,nwilcott8p@hugedomains.com,Male,164.204.173.28
315,Nanon,Deville,ndeville8q@google.co.uk,Female,252.29.60.58
316,Jone,Worts,jworts8r@4shared.com,Male,152.1.102.208
317,Patty,Gagg,pgagg8s@thetimes.co.uk,Female,0.119.102.89
318,Wyatan,Roydon,wroydon8t@slate.com,Male,52.28.42.3
319,Alyss,Chantree,achantree8u@github.com,Female,235.96.197.166
320,Vernon,Crumley,vcrumley8v@bloglines.com,Male,100.161.77.131
321,Galen,Pierse,gpierse8w@google.es,Male,152.192.24.154
322,Karlan,Michal,kmichal8x@canalblog.com,Bigender,3.176.214.105
323,Shell,Adkin,sadkin8y@themeforest.net,Male,203.155.97.31
324,Enrica,Chamberlayne,echamberlayne8z@jalbum.net,Female,8.131.14.246
325,Lina,Ewbanke,lewbanke90@lycos.com,Female,48.226.148.76
326,Cherlyn,Vater,cvater91@mail.ru,Female,143.104.159.64
327,Rand,Antill,rantill92@people.com.cn,Male,67.175.143.172
328,Bridget,Rankmore,brankmore93@drupal.org,Female,107.6.242.1
329,Antonie,Beszant,abeszant94@vinaora.com,Female,115.153.247.24
330,Audrye,Fairfoull,afairfoull95@imgur.com,Female,91.186.28.199
331,Dasya,Chue,dchue96@geocities.com,Female,1.120.36.235
332,Regan,Cromb,rcromb97@hexun.com,Male,249.213.223.220
333,Tremain,Wildt,twildt98@samsung.com,Male,1.70.209.205
334,Idelle,Gofton,igofton99@simplemachines.org,Female,138.105.129.129
335,Nester,Thams,nthams9a@techcrunch.com,Male,153.212.1.42
336,Sally,Bartlett,sbartlett9b@about.me,Female,1.104.134.167
337,Mariel,Bignal,mbignal9c@nih.gov,Female,75.91.238.122
338,Vera,Orpyne,vorpyne9d@blogspot.com,Female,169.187.111.251
339,Weylin,Stapforth,wstapforth9e@odnoklassniki.ru,Male,118.170.108.14
340,Giffy,Coolahan,gcoolahan9f@fda.gov,Male,213.70.215.72
341,Alfonse,Batcheldor,abatcheldor9g@theguardian.com,Male,139.236.119.45
342,Kaitlynn,Bembrigg,kbembrigg9h@hubpages.com,Female,100.202.64.236
343,Mella,Cassey,mcassey9i@surveymonkey.com,Female,99.178.74.52
344,Rem,Kybbye,rkybbye9j@blog.com,Male,88.139.63.91
345,Constantine,Freddi,cfreddi9k@craigslist.org,Male,137.234.48.204
346,Conni,Richfield,crichfield9l@state.gov,Female,70.28.6.202
347,Cathe,Croom,ccroom9m@dmoz.org,Female,62.23.110.224
348,Carce,Houtbie,choutbie9n@creativecommons.org,Male,71.118.232.137
349,Stormie,Hartrick,shartrick9o@pbs.org,Female,36.245.120.66
350,Garek,Earle,gearle9p@eventbrite.com,Male,6.64.20.188
351,Jordana,Ivanchov,jivanchov9q@upenn.edu,Female,234.12.31.83
352,Augustine,Lovart,alovart9r@typepad.com,Male,22.57.112.203
353,Ado,Dandie,adandie9s@cafepress.com,Male,189.15.224.148
354,Silvio,Matignon,smatignon9t@netvibes.com,Male,19.44.129.128
355,Kelly,Britee,kbritee9u@wordpress.org,Female,24.112.230.237
356,Daryle,Slocom,dslocom9v@canalblog.com,Male,82.117.155.102
357,Eydie,Smitton,esmitton9w@github.com,Female,223.166.144.207
358,Camellia,Sandyfirth,csandyfirth9x@trellian.com,Female,196.62.14.7
359,Belva,Hoovart,bhoovart9y@goo.ne.jp,Polygender,82.90.25.200
360,Hewe,Dickens,hdickens9z@shop-pro.jp,Male,78.131.70.113
361,Gusty,Twallin,gtwallina0@usatoday.com,Female,25.129.45.113
362,Tiffanie,Kimbrough,tkimbrougha1@reuters.com,Polygender,21.181.188.102
363,Aloin,Bragginton,abraggintona2@google.nl,Male,8.255.29.133
364,Irina,Wooderson,iwoodersona3@opera.com,Female,126.120.43.199
365,Ronda,Kellick,rkellicka4@parallels.com,Female,89.76.77.213
366,Keelby,Carrabot,kcarrabota5@techcrunch.com,Male,41.204.222.243
367,Hobie,Arnaudi,harnaudia6@businessinsider.com,Male,70.236.97.147
368,Kalil,Cullin,kcullina7@google.ca,Male,242.234.1.238
369,Howard,Mattin,hmattina8@elegantthemes.com,Male,42.49.205.205
370,Hatty,Jozsika,hjozsikaa9@bloomberg.com,Female,133.155.207.234
371,Alwyn,Gemmell,agemmellaa@nsw.gov.au,Male,88.183.47.183
372,Anjela,Greenland,agreenlandab@usgs.gov,Female,3.250.142.220
373,Beverlie,Drillingcourt,bdrillingcourtac@stanford.edu,Non-binary,2.205.204.174
374,Callida,Isakovitch,cisakovitchad@imgur.com,Female,231.54.65.180
375,Ninnette,Burdell,nburdellae@usgs.gov,Female,41.74.179.224
376,Lissy,Perone,lperoneaf@rambler.ru,Female,53.207.80.173
377,Nikki,Anten,nantenag@hp.com,Female,210.188.93.160
378,Joshuah,Spivie,jspivieah@tuttocitta.it,Male,33.108.87.97
379,Sandy,Kennion,skennionai@irs.gov,Female,246.27.62.24
380,Brandtr,Ickovic,bickovicaj@bloomberg.com,Male,136.10.11.151
381,Antonetta,Vase,avaseak@opensource.org,Female,255.198.230.174
382,Kass,Fruen,kfruenal@github.io,Female,128.233.93.110
383,Natale,Berresford,nberresfordam@ovh.net,Male,48.171.165.107
384,Hyatt,Dannehl,hdannehlan@si.edu,Bigender,86.136.232.86
385,Zita,Gerson,zgersonao@networkadvertising.org,Female,228.131.25.37
386,Coraline,Hinken,chinkenap@state.gov,Female,27.232.85.149
387,Datha,Hardwell,dhardwellaq@bravesites.com,Female,162.15.226.84
388,Emmy,Austen,eaustenar@typepad.com,Genderfluid,57.120.190.70
389,Nanice,Biles,nbilesas@reference.com,Agender,178.115.167.51
390,Gleda,Karadzas,gkaradzasat@tripod.com,Female,147.141.3.34
391,Melitta,Shervil,mshervilau@tamu.edu,Female,25.231.115.127
392,Hettie,Ales0,halesav@w3.org,Female,97.143.173.81
393,Terri-jo,Hornbuckle,thornbuckleaw@paginegialle.it,Agender,112.31.36.190
394,Carley,Austins,caustinsax@myspace.com,Female,226.76.209.159
395,Bengt,Cleary,bclearyay@parallels.com,Male,41.65.103.33
396,Crissy,Plait,cplaitaz@prlog.org,Female,127.220.194.86
397,Rafe,Wiper,rwiperb0@accuweather.com,Male,244.191.137.15
398,Hernando,Jepson,hjepsonb1@ameblo.jp,Male,75.237.241.117
399,Axel,Neller,anellerb2@addthis.com,Male,203.118.154.18
400,Edwin,Piercy,epiercyb3@xrea.com,Male,15.151.78.102
401,Ilario,Spier,ispierb4@salon.com,Male,158.199.36.97
402,Breena,Saich,bsaichb5@instagram.com,Female,150.211.48.230
403,Chev,Coneybeare,cconeybeareb6@drupal.org,Male,148.201.201.215
404,Myrwyn,Jeannon,mjeannonb7@g.co,Male,29.103.139.176
405,Allegra,Wagstaff,awagstaffb8@wikimedia.org,Female,72.219.179.68
406,Madelene,Antley,mantleyb9@themeforest.net,Female,199.246.149.105
407,Saunderson,Davidof,sdavidofba@addthis.com,Male,232.253.6.48
408,Marlo,Glanville,mglanvillebb@reference.com,Female,115.123.166.153
409,Terri-jo,McGilben,tmcgilbenbc@huffingtonpost.com,Agender,121.177.144.194
410,Vivyanne,Rolfini,vrolfinibd@1und1.de,Female,24.169.181.70
411,Dwight,Edie,dediebe@artisteer.com,Male,86.146.108.37
412,Eimile,Melia,emeliabf@g.co,Female,205.126.238.169
413,Giraud,Jaqueminet,gjaqueminetbg@state.tx.us,Male,47.207.70.58
414,Brenda,Rivers,briversbh@webeden.co.uk,Genderqueer,18.151.135.173
415,Parker,Soaper,psoaperbi@wikimedia.org,Male,237.155.169.11
416,Myriam,Kingzeth,mkingzethbj@seesaa.net,Female,89.119.76.33
417,Filberto,Ramelet,frameletbk@webnode.com,Genderqueer,188.4.42.6
418,Paddy,Gonin,pgoninbl@moonfruit.com,Male,163.133.22.83
419,Ingeborg,Borit,iboritbm@amazon.de,Female,50.209.194.105
420,Romonda,Rowell,rrowellbn@soundcloud.com,Female,68.124.157.95
421,Zachery,McHardy,zmchardybo@home.pl,Male,255.75.164.52
422,Ofelia,Saiger,osaigerbp@pen.io,Female,83.198.140.41
423,Man,O'Leagham,moleaghambq@people.com.cn,Genderfluid,0.237.2.72
424,Trista,Dinis,tdinisbr@guardian.co.uk,Female,162.112.200.172
425,Shayla,Gallemore,sgallemorebs@vimeo.com,Female,8.4.201.235
426,Clemence,Oxlade,coxladebt@pcworld.com,Female,225.31.240.190
427,Reinhold,Treffry,rtreffrybu@yahoo.com,Male,202.83.90.134
428,Odey,Noakes,onoakesbv@webnode.com,Male,97.61.87.179
429,Yanaton,Wingar,ywingarbw@guardian.co.uk,Male,248.127.251.92
430,Marie,Marris,mmarrisbx@odnoklassniki.ru,Female,22.95.238.6
431,Margit,Nolleau,mnolleauby@sina.com.cn,Female,145.168.224.190
432,Emmet,de Clerq,edeclerqbz@google.ca,Male,119.60.224.246
433,Delano,Greenhalf,dgreenhalfc0@wp.com,Male,86.49.213.235
434,Jolene,Keepence,jkeepencec1@xing.com,Female,235.252.108.145
435,Cecilla,Bunnell,cbunnellc2@istockphoto.com,Female,42.123.37.245
436,Edith,Jenkyn,ejenkync3@seattletimes.com,Female,57.155.89.195
437,Jedediah,Javes,jjavesc4@google.co.uk,Male,249.209.24.149
438,Marleah,Millbank,mmillbankc5@ted.com,Female,193.76.157.87
439,Kym,Payne,kpaynec6@webs.com,Female,179.38.84.17
440,Zach,Ovendale,zovendalec7@macromedia.com,Male,207.81.29.239
441,Mace,Carroll,mcarrollc8@nbcnews.com,Male,208.219.95.201
442,Hally,Mokes,hmokesc9@gnu.org,Female,86.68.47.10
443,Waylan,Lent,wlentca@tumblr.com,Male,250.154.182.159
444,Reinhard,Gwillim,rgwillimcb@paginegialle.it,Male,95.168.212.220
445,Jena,Richten,jrichtencc@ucsd.edu,Female,126.190.236.203
446,Raddie,Heliet,rhelietcd@twitpic.com,Genderqueer,234.58.197.140
447,Augy,Scrivinor,ascrivinorce@photobucket.com,Male,127.16.140.0
448,Reinold,Ilyin,rilyincf@eventbrite.com,Male,59.167.24.120
449,Noell,Sheekey,nsheekeycg@bigcartel.com,Female,241.134.93.227
450,Asher,Reinhart,areinhartch@youtu.be,Male,243.156.123.164
451,Bryce,Batchelor,bbatchelorci@flavors.me,Male,158.178.177.105
452,Fiann,Neate,fneatecj@state.tx.us,Female,250.120.7.214
453,Curry,Bisseker,cbissekerck@webnode.com,Male,127.83.26.171
454,Garrick,Corderoy,gcorderoycl@cloudflare.com,Male,31.1.32.102
455,Cyril,Vasilov,cvasilovcm@blogtalkradio.com,Male,163.231.150.104
456,Josefina,Daykin,jdaykincn@nydailynews.com,Female,245.126.76.129
457,Cyrill,Hrycek,chrycekco@elegantthemes.com,Male,91.80.79.207
458,Nikola,Raddenbury,nraddenburycp@gizmodo.com,Male,90.12.86.70
459,Inessa,Stacey,istaceycq@ft.com,Female,102.192.212.140
460,Hilary,de Banke,hdebankecr@technorati.com,Male,24.31.179.182
461,Reilly,Sawyers,rsawyerscs@nbcnews.com,Male,4.121.108.46
462,Lincoln,Shama,lshamact@wiley.com,Bigender,217.47.137.180
463,Doralin,Mantram,dmantramcu@hibu.com,Female,154.209.60.229
464,Kimbell,Swindell,kswindellcv@google.cn,Male,18.219.107.134
465,Adlai,Hurring,ahurringcw@clickbank.net,Male,79.250.175.122
466,Kassi,Bellow,kbellowcx@arstechnica.com,Non-binary,255.72.208.0
467,Ariel,Fidge,afidgecy@dyndns.org,Male,236.53.160.32
468,Iosep,Biasioni,ibiasionicz@spiegel.de,Agender,211.128.88.98
469,Kinna,Peattie,kpeattied0@issuu.com,Female,86.38.246.168
470,Pasquale,McCorley,pmccorleyd1@cnn.com,Male,114.253.167.233
471,Mitzi,Drewes,mdrewesd2@reuters.com,Female,123.197.215.42
472,Aveline,Beefon,abeefond3@live.com,Female,135.112.85.14
473,Antonella,Pepis,apepisd4@washingtonpost.com,Female,108.72.21.74
474,Chrystal,Gutans,cgutansd5@histats.com,Female,191.211.41.101
475,Griz,Middlewick,gmiddlewickd6@nih.gov,Male,209.109.156.237
476,Buddie,Mains,bmainsd7@foxnews.com,Male,6.102.25.77
477,Izzy,Gerber,igerberd8@eventbrite.com,Male,100.49.40.118
478,Wallace,Reignard,wreignardd9@va.gov,Male,218.255.209.74
479,Susana,MacNalley,smacnalleyda@altervista.org,Genderqueer,65.19.204.27
480,Orion,Pecha,opechadb@sbwire.com,Genderqueer,235.215.75.218
481,Shaun,Lichfield,slichfielddc@who.int,Male,0.120.205.177
482,Cyndia,Kneal,cknealdd@hostgator.com,Female,150.61.120.161
483,Ly,Gambell,lgambellde@twitpic.com,Male,160.157.216.87
484,Brucie,Mantrip,bmantripdf@weibo.com,Male,39.200.118.208
485,Toiboid,Edmunds,tedmundsdg@so-net.ne.jp,Male,255.65.214.188
486,Jennee,Sedgefield,jsedgefielddh@bbb.org,Genderqueer,129.174.177.24
487,Celestina,Bransgrove,cbransgrovedi@google.com,Female,84.49.76.125
488,Harlen,MacWilliam,hmacwilliamdj@usgs.gov,Male,143.152.186.212
489,Sayer,Folliott,sfolliottdk@tinypic.com,Male,119.101.247.94
490,Sascha,Drife,sdrifedl@admin.ch,Male,68.201.2.70
491,Emelen,Kittel,ekitteldm@cornell.edu,Male,151.59.155.45
492,Mead,Flucker,mfluckerdn@tripod.com,Female,53.191.137.195
493,Atlante,Sybbe,asybbedo@geocities.jp,Female,74.8.213.149
494,Shermie,Quinn,squinndp@si.edu,Male,222.216.100.231
495,Gunner,Leason,gleasondq@washingtonpost.com,Male,150.225.193.166
496,Ashley,Guinness,aguinnessdr@rediff.com,Female,17.99.36.141
497,Rosemonde,Matej,rmatejds@cargocollective.com,Female,18.139.102.4
498,Cullin,Olding,coldingdt@1688.com,Male,218.176.87.15
499,Marlin,Helsdon,mhelsdondu@census.gov,Male,70.118.151.92
500,Darin,Najara,dnajaradv@topsy.com,Male,18.38.231.164
501,Danica,Twamley,dtwamleydw@mysql.com,Female,166.0.162.87
502,Noelyn,Lympenie,nlympeniedx@ihg.com,Female,191.232.178.249
503,Chelsea,Cuss,ccussdy@tripod.com,Female,104.47.4.119
504,Haze,Ambrogini,hambroginidz@kickstarter.com,Male,54.32.204.126
505,Elsworth,Rampage,erampagee0@howstuffworks.com,Male,76.161.140.41
506,Chane,Emloch,cemloche1@cocolog-nifty.com,Male,71.37.211.136
507,Gran,Linfoot,glinfoote2@pen.io,Male,185.6.182.39
508,Manon,Havis,mhavise3@google.it,Female,202.3.250.118
509,Orsa,Witz,owitze4@yolasite.com,Female,38.69.79.205
510,Olivier,Kemitt,okemitte5@wunderground.com,Male,151.92.46.152
511,Theodor,Slyde,tslydee6@samsung.com,Male,230.178.189.171
512,Cilka,Petican,cpeticane7@amazon.co.uk,Female,153.38.33.161
513,Aldous,Galloway,agallowaye8@yahoo.co.jp,Male,81.249.28.53
514,Tito,Cudd,tcudde9@alibaba.com,Male,255.58.156.97
515,Malina,Mattedi,mmattediea@globo.com,Female,244.242.17.63
516,Carlina,Mainz,cmainzeb@phoca.cz,Female,212.118.121.29
517,Currie,Arntzen,carntzenec@nationalgeographic.com,Male,71.231.104.231
518,Ermentrude,Cleminson,ecleminsoned@ameblo.jp,Female,237.189.168.187
519,Sydelle,Rubinowitsch,srubinowitschee@umn.edu,Female,64.122.2.140
520,Stirling,Louca,sloucaef@acquirethisname.com,Genderqueer,121.182.128.93
521,Kassie,Tatton,ktattoneg@howstuffworks.com,Female,21.232.169.26
522,Phil,Preator,ppreatoreh@free.fr,Male,106.254.75.74
523,Laurie,Lorentz,llorentzei@dagondesign.com,Male,255.40.238.47
524,Odilia,Hallas,ohallasej@shinystat.com,Female,186.145.86.26
525,George,Barenski,gbarenskiek@cafepress.com,Male,154.22.242.238
526,Royce,Petrasch,rpetraschel@comcast.net,Male,148.43.23.191
527,Rodd,Lascelles,rlascellesem@technorati.com,Male,136.125.229.125
528,Nowell,Iceton,nicetonen@naver.com,Male,147.236.85.171
529,Saxe,Gernier,sgerniereo@issuu.com,Male,15.217.9.28
530,Moll,Russilll,mrussilllep@webnode.com,Female,161.238.169.216
531,Dorree,Bradborne,dbradborneeq@naver.com,Female,227.14.7.212
532,Aubree,Burris,aburriser@toplist.cz,Female,194.81.176.136
533,Elladine,Tomankiewicz,etomankiewiczes@mediafire.com,Female,88.69.244.161
534,Doralynne,Timmons,dtimmonset@technorati.com,Female,216.165.83.242
535,Ingaborg,Perree,iperreeeu@furl.net,Female,244.225.92.179
536,Naoma,Goudy,ngoudyev@spotify.com,Female,138.43.27.73
537,Deerdre,Patching,dpatchingew@alibaba.com,Female,211.89.248.15
538,Zollie,Speirs,zspeirsex@japanpost.jp,Male,115.42.224.175
539,Enoch,O'Lagene,eolageneey@icq.com,Male,237.207.242.150
540,Abbe,Battaille,abattailleez@bloglovin.com,Female,72.11.20.51
541,Carolus,Spreull,cspreullf0@geocities.jp,Male,254.106.212.11
542,Hilary,Etheridge,hetheridgef1@vinaora.com,Female,247.42.229.170
543,Jobye,Maso,jmasof2@taobao.com,Female,215.179.41.70
544,Thorvald,Dundon,tdundonf3@rakuten.co.jp,Male,7.175.27.110
545,Gilberta,Python,gpythonf4@nih.gov,Female,241.160.125.209
546,Baron,Wardhaw,bwardhawf5@usgs.gov,Male,11.252.99.177
547,Letty,Binfield,lbinfieldf6@cmu.edu,Genderfluid,40.253.205.10
548,Denis,Naismith,dnaismithf7@etsy.com,Male,166.76.152.173
549,Bran,Rosso,brossof8@upenn.edu,Male,106.179.5.66
550,Hamil,Paydon,hpaydonf9@psu.edu,Male,143.121.175.245
551,Andrei,Emes,aemesfa@examiner.com,Female,0.251.235.44
552,Reggie,Shyres,rshyresfb@howstuffworks.com,Female,11.224.169.148
553,Madel,Passey,mpasseyfc@aboutads.info,Female,51.87.19.138
554,Emmeline,MacCome,emaccomefd@dropbox.com,Female,201.47.56.112
555,Aron,Serjent,aserjentfe@163.com,Bigender,199.134.81.82
556,Margit,Arkell,markellff@businessweek.com,Female,18.113.70.99
557,Hansiain,Isley,hisleyfg@addtoany.com,Male,23.18.123.44
558,Lonna,Telega,ltelegafh@netvibes.com,Female,52.247.233.210
559,Rees,Gossling,rgosslingfi@tiny.cc,Male,136.119.36.193
560,Buddie,Gebhardt,bgebhardtfj@nyu.edu,Male,164.107.8.33
561,Gilbertine,Odcroft,godcroftfk@addthis.com,Female,124.138.115.24
562,Julia,Carslaw,jcarslawfl@hp.com,Female,195.153.122.62
563,Tamiko,Wille,twillefm@furl.net,Female,113.104.113.245
564,Erin,Eberst,eeberstfn@census.gov,Female,111.235.6.154
565,Tabor,Tuison,ttuisonfo@blog.com,Male,155.3.133.188
566,Huntington,Taft,htaftfp@cnn.com,Male,59.14.161.22
567,Woodie,Spry,wspryfq@ox.ac.uk,Male,135.161.5.197
568,Rochester,Pollins,rpollinsfr@youtu.be,Male,130.182.102.19
569,Moll,Wickman,mwickmanfs@goodreads.com,Female,175.99.61.130
570,Donny,Gusticke,dgustickeft@list-manage.com,Male,82.163.236.99
571,Base,Bastistini,bbastistinifu@prnewswire.com,Male,230.224.44.211
572,Neil,Edelheid,nedelheidfv@msu.edu,Male,69.13.228.147
573,Johannah,Mossom,jmossomfw@fastcompany.com,Female,68.160.119.189
574,Mac,Petyakov,mpetyakovfx@macromedia.com,Male,242.20.105.213
575,Carolann,Sousa,csousafy@example.com,Female,176.122.184.113
576,Estella,Samwyse,esamwysefz@nps.gov,Female,146.147.163.97
577,Selina,Moppett,smoppettg0@foxnews.com,Female,129.138.155.108
578,Stafani,Pettifer,spettiferg1@bandcamp.com,Female,40.250.79.19
579,Verla,Balf,vbalfg2@sciencedirect.com,Female,221.91.244.71
580,Louis,Denes,ldenesg3@studiopress.com,Male,203.34.138.138
581,Tricia,Plumridge,tplumridgeg4@fotki.com,Female,133.35.52.149
582,Andres,Eastgate,aeastgateg5@goodreads.com,Male,200.164.147.206
583,Reamonn,Glanester,rglanesterg6@edublogs.org,Male,77.188.138.116
584,Anabella,Callander,acallanderg7@berkeley.edu,Female,172.50.178.160
585,Laney,Lansly,llanslyg8@about.com,Female,230.155.117.139
586,Englebert,Risebarer,erisebarerg9@usatoday.com,Non-binary,239.139.49.182
587,Adan,Burgott,aburgottga@weather.com,Female,148.158.8.171
588,Toddy,Tunnick,ttunnickgb@thetimes.co.uk,Male,7.150.239.224
589,Eliza,Ravenscraft,eravenscraftgc@marketwatch.com,Female,169.97.248.239
590,Alberto,Cabera,acaberagd@rakuten.co.jp,Male,59.75.143.247
591,Jard,Doerling,jdoerlingge@comsenz.com,Male,250.191.21.121
592,Waite,Dawid,wdawidgf@tiny.cc,Male,100.131.212.241
593,Allie,Gillitt,agillittgg@stanford.edu,Female,66.109.136.206
594,Thomasina,Danjoie,tdanjoiegh@artisteer.com,Female,113.250.253.70
595,Lena,Samweyes,lsamweyesgi@storify.com,Female,251.214.124.63
596,Kele,Jarmain,kjarmaingj@ftc.gov,Male,198.8.12.232
597,Roth,Fitzsymonds,rfitzsymondsgk@state.gov,Genderqueer,171.232.232.78
598,Cassie,Train,ctraingl@cocolog-nifty.com,Male,68.168.234.218
599,Wake,Lethby,wlethbygm@dmoz.org,Male,250.87.28.32
600,Pollyanna,Pabel,ppabelgn@cloudflare.com,Polygender,216.4.147.253
601,Bartholemy,Staniford,bstanifordgo@delicious.com,Male,165.126.13.171
602,Berkley,Rousby,brousbygp@miitbeian.gov.cn,Male,38.95.242.19
603,Antonius,Samet,asametgq@rakuten.co.jp,Male,23.47.102.84
604,Ynes,Cappineer,ycappineergr@intel.com,Female,229.103.137.12
605,Fancie,Braz,fbrazgs@lycos.com,Bigender,57.76.39.146
606,Guillaume,Zack,gzackgt@cam.ac.uk,Male,215.212.236.91
607,Jarvis,Szymanski,jszymanskigu@acquirethisname.com,Agender,199.244.95.230
608,Emelia,Jacketts,ejackettsgv@china.com.cn,Female,36.16.45.82
609,Donia,Impy,dimpygw@ft.com,Female,180.146.159.103
610,Anderea,Garred,agarredgx@accuweather.com,Polygender,147.93.122.252
611,Hally,Nerger,hnergergy@flickr.com,Female,59.146.123.125
612,Dee,Findlater,dfindlatergz@craigslist.org,Non-binary,117.195.172.101
613,Merrel,Arkley,markleyh0@dion.ne.jp,Genderqueer,214.85.106.29
614,Holly-anne,McConnal,hmcconnalh1@hexun.com,Female,62.58.10.229
615,Clywd,Cato,ccatoh2@meetup.com,Male,75.146.155.162
616,Sheri,Duckwith,sduckwithh3@toplist.cz,Female,243.28.177.244
617,Lonni,Gergler,lgerglerh4@eventbrite.com,Female,30.137.213.230
618,Pansy,MacKeogh,pmackeoghh5@mapy.cz,Female,185.76.128.207
619,Peggi,Lindenblatt,plindenblatth6@blogs.com,Female,221.141.51.59
620,Reeva,Bess,rbessh7@cargocollective.com,Female,203.5.235.59
621,Willie,Coldridge,wcoldridgeh8@unc.edu,Male,97.2.185.80
622,Boone,Carwithan,bcarwithanh9@flavors.me,Non-binary,164.97.158.2
623,Laryssa,Schleswig-Holstein,lschleswigholsteinha@slideshare.net,Female,55.204.215.53
624,Irvin,Fairpool,ifairpoolhb@wiley.com,Male,249.117.77.31
625,Meriel,McClenaghan,mmcclenaghanhc@comcast.net,Female,205.103.182.194
626,Pierson,Gwinnel,pgwinnelhd@g.co,Male,239.78.29.110
627,Terrel,Davidescu,tdavidescuhe@vistaprint.com,Male,85.63.204.240
628,Dinah,Schuster,dschusterhf@time.com,Non-binary,56.213.171.98
629,Sydelle,Fieldstone,sfieldstonehg@hhs.gov,Female,164.239.50.93
630,Zelig,Stodd,zstoddhh@trellian.com,Male,0.40.183.208
631,Hilton,McLucas,hmclucashi@nsw.gov.au,Male,152.100.39.187
632,Warde,Wardhough,wwardhoughhj@jimdo.com,Male,190.149.33.116
633,Katee,Billson,kbillsonhk@opera.com,Female,40.79.131.238
634,Jeannine,Pawlowicz,jpawlowiczhl@samsung.com,Female,223.180.33.228
635,Tomkin,Lightbourn,tlightbournhm@github.com,Genderqueer,25.28.176.24
636,Sebastian,Kyneton,skynetonhn@springer.com,Male,95.168.108.22
637,Nye,Heikkinen,nheikkinenho@illinois.edu,Male,143.209.66.159
638,Ellynn,Grimster,egrimsterhp@alexa.com,Female,37.216.195.250
639,Marion,Gowanson,mgowansonhq@google.de,Female,224.49.111.38
640,Jared,Wiggett,jwiggetthr@oracle.com,Genderqueer,151.65.223.128
641,Dare,Twyford,dtwyfordhs@bandcamp.com,Male,143.39.250.141
642,Winny,Paget,wpagetht@who.int,Male,203.97.228.193
643,Penelopa,Brunskill,pbrunskillhu@google.nl,Female,190.129.219.60
644,Karly,Hardwell,khardwellhv@omniture.com,Female,143.36.64.128
645,Gradey,Rollings,grollingshw@storify.com,Male,30.156.68.22
646,Mercy,Gallemore,mgallemorehx@networksolutions.com,Female,157.204.166.151
647,Tanny,Rockwill,trockwillhy@studiopress.com,Male,203.4.5.237
648,Erhard,Servant,eservanthz@epa.gov,Male,93.218.111.126
649,Thornie,Melchior,tmelchiori0@github.io,Male,224.99.67.100
650,Kenyon,Nevin,knevini1@free.fr,Male,101.173.213.16
651,Connie,Muncie,cmunciei2@tumblr.com,Female,96.139.38.195
652,Warde,Potbury,wpotburyi3@de.vu,Male,198.211.125.86
653,Wylie,Filyushkin,wfilyushkini4@addtoany.com,Male,158.175.35.158
654,Jedediah,Nation,jnationi5@xing.com,Genderfluid,155.78.132.228
655,Allsun,Perkins,aperkinsi6@artisteer.com,Female,90.29.0.248
656,Clemmy,Van der Merwe,cvandermerwei7@google.fr,Male,175.80.115.193
657,Zollie,Kennford,zkennfordi8@craigslist.org,Male,190.239.102.228
658,Prince,Solleme,psollemei9@jigsy.com,Male,175.242.122.197
659,Leicester,Oxenford,loxenfordia@hhs.gov,Male,116.90.177.193
660,Mikkel,Nobes,mnobesib@sina.com.cn,Male,11.246.145.114
661,Lila,Bunyan,lbunyanic@wikia.com,Genderfluid,61.12.49.142
662,Gail,Patershall,gpatershallid@surveymonkey.com,Female,220.205.242.238
663,Helenka,Iskowitz,hiskowitzie@spotify.com,Female,9.49.36.107
664,Omero,Pollak,opollakif@networkadvertising.org,Male,197.20.94.14
665,Park,Docharty,pdochartyig@1688.com,Male,190.252.193.113
666,Lacie,Gothup,lgothupih@blogspot.com,Female,3.238.78.49
667,Anna,Kretschmer,akretschmerii@sbwire.com,Female,131.82.236.191
668,Dionysus,Grima,dgrimaij@ebay.co.uk,Male,178.34.69.46
669,Regen,Pierrepoint,rpierrepointik@paginegialle.it,Male,96.83.205.188
670,Wilhelm,Knowlton,wknowltonil@disqus.com,Bigender,162.108.186.84
671,Damita,Althrope,dalthropeim@gnu.org,Female,179.69.19.69
672,Matthus,Yellowlees,myellowleesin@ifeng.com,Male,176.143.218.84
673,Shana,McKirdy,smckirdyio@ebay.com,Female,108.159.245.194
674,Wright,Kynvin,wkynvinip@altervista.org,Male,182.254.197.65
675,Oates,Carette,ocaretteiq@usa.gov,Male,231.86.1.71
676,Bridie,Peyto,bpeytoir@amazon.co.jp,Female,221.39.144.118
677,Dom,Winney,dwinneyis@europa.eu,Polygender,63.47.47.121
678,Algernon,Brownscombe,abrownscombeit@is.gd,Male,173.224.159.155
679,Lyle,Comelli,lcomelliiu@usnews.com,Male,41.80.166.59
680,Rosemaria,Sugars,rsugarsiv@instagram.com,Female,227.146.15.194
681,Wally,O'Carney,wocarneyiw@cbc.ca,Male,130.56.170.237
682,Laurene,Meys,lmeysix@delicious.com,Female,208.1.211.146
683,Towny,Farmar,tfarmariy@sitemeter.com,Male,76.109.189.253
684,Elwyn,Lockley,elockleyiz@google.fr,Male,172.113.227.235
685,Valentine,Noden,vnodenj0@admin.ch,Female,109.79.99.35
686,Agnese,Crole,acrolej1@wsj.com,Female,163.19.247.70
687,Marina,Enston,menstonj2@nytimes.com,Female,191.23.29.248
688,Erskine,Rattenberie,erattenberiej3@jalbum.net,Male,156.178.216.210
689,Theo,Peacocke,tpeacockej4@hubpages.com,Female,160.198.128.102
690,Ibbie,Maggs,imaggsj5@google.ca,Female,248.123.253.150
691,Gian,Filpi,gfilpij6@macromedia.com,Male,179.40.85.16
692,Cheri,Spataro,cspataroj7@ebay.co.uk,Female,211.214.209.11
693,Burk,Dobbison,bdobbisonj8@fema.gov,Male,79.235.110.119
694,Vallie,Pinches,vpinchesj9@digg.com,Female,151.0.76.194
695,Cletus,MacCumeskey,cmaccumeskeyja@hc360.com,Male,154.137.173.144
696,Noami,Lukehurst,nlukehurstjb@nhs.uk,Female,237.194.250.85
697,Rubina,Pulley,rpulleyjc@google.it,Female,72.186.148.66
698,Layla,Nassau,lnassaujd@addtoany.com,Female,206.173.26.222
699,Keelby,Hovell,khovellje@narod.ru,Male,28.93.221.31
700,Nicolas,Eck,neckjf@macromedia.com,Male,9.251.44.211
701,Deni,Grimsell,dgrimselljg@typepad.com,Female,27.189.51.147
702,Leann,Wadly,lwadlyjh@adobe.com,Female,52.61.33.91
703,Carmina,Bevir,cbevirji@123-reg.co.uk,Female,234.45.152.160
704,Page,Aspinal,paspinaljj@army.mil,Male,172.208.41.208
705,Kenton,Delafoy,kdelafoyjk@rediff.com,Male,187.230.52.111
706,Mordecai,Balcock,mbalcockjl@taobao.com,Male,157.214.79.153
707,Zora,Abrahm,zabrahmjm@chronoengine.com,Female,222.225.148.173
708,Sutherland,Jimenez,sjimenezjn@hubpages.com,Male,193.86.129.123
709,Jobina,Phillpot,jphillpotjo@wikipedia.org,Female,206.56.202.116
710,Leigha,Francescuccio,lfrancescucciojp@t-online.de,Polygender,240.196.24.161
711,Amory,Dalliwatr,adalliwatrjq@a8.net,Male,20.237.67.217
712,Von,Raeside,vraesidejr@nps.gov,Male,204.137.121.107
713,Angela,Ilyasov,ailyasovjs@hp.com,Female,11.163.63.186
714,Rosemarie,Bostock,rbostockjt@digg.com,Female,87.39.122.115
715,Valry,Do,vdoju@addtoany.com,Female,17.89.129.142
716,Torry,Kendred,tkendredjv@bbb.org,Male,206.6.85.163
717,Allina,Scudders,ascuddersjw@theguardian.com,Female,187.57.15.53
718,Saundra,Hanington,shaningtonjx@skype.com,Male,87.60.19.159
719,Levon,McIlwrath,lmcilwrathjy@pcworld.com,Male,163.54.254.42
720,Oren,Worms,owormsjz@moonfruit.com,Male,68.76.31.98
721,Timmi,Poinsett,tpoinsettk0@fotki.com,Female,121.241.129.182
722,Rosana,Dudill,rdudillk1@arizona.edu,Female,48.196.236.131
723,Aron,Joffe,ajoffek2@networkadvertising.org,Male,81.39.69.56
724,Donia,Bunt,dbuntk3@washington.edu,Female,137.105.179.67
725,Hersch,Moquin,hmoquink4@ning.com,Male,73.110.67.239
726,Moyra,Liveing,mliveingk5@wunderground.com,Female,235.255.160.130
727,Gwenni,Mair,gmairk6@wiley.com,Female,26.4.27.18
728,Colet,Merioth,cmeriothk7@dell.com,Male,144.49.53.68
729,Oliviero,Hegden,ohegdenk8@usgs.gov,Male,13.5.72.85
730,Guido,Chatres,gchatresk9@istockphoto.com,Male,216.189.21.3
731,Lorrie,Grigore,lgrigoreka@accuweather.com,Female,123.209.119.137
732,Christean,Crevy,ccrevykb@surveymonkey.com,Female,175.69.223.140
733,Cicily,Coudray,ccoudraykc@mlb.com,Female,180.135.228.205
734,Corbett,Breed,cbreedkd@guardian.co.uk,Male,173.240.21.149
735,Ingar,Stancliffe,istancliffeke@rakuten.co.jp,Male,28.99.255.87
736,Andromache,Snartt,asnarttkf@t-online.de,Female,97.183.234.55
737,Hector,Bowerbank,hbowerbankkg@wikimedia.org,Polygender,51.112.80.50
738,Zelig,Tredgold,ztredgoldkh@diigo.com,Male,121.210.66.223
739,Bronson,Smythin,bsmythinki@ezinearticles.com,Male,94.140.10.227
740,Marcelo,Nelsen,mnelsenkj@noaa.gov,Male,138.129.166.43
741,Irwin,Aykroyd,iaykroydkk@weather.com,Bigender,88.13.238.194
742,Joscelin,Ashmore,jashmorekl@miibeian.gov.cn,Female,56.25.203.36
743,Lucky,Battista,lbattistakm@tamu.edu,Female,164.212.54.119
744,Florencia,Fortescue,ffortescuekn@hugedomains.com,Female,238.141.132.36
745,Katleen,Python,kpythonko@ebay.com,Female,66.139.156.243
746,Carita,Armatidge,carmatidgekp@miitbeian.gov.cn,Female,11.243.147.110
747,Kimberli,McComas,kmccomaskq@shutterfly.com,Female,38.43.68.187
748,Alia,Simmons,asimmonskr@cbslocal.com,Female,194.212.180.244
749,Gil,McCooke,gmccookeks@goodreads.com,Agender,131.81.48.31
750,Hersh,Huffadine,hhuffadinekt@soundcloud.com,Male,64.62.89.139
751,Helaina,Meak,hmeakku@utexas.edu,Female,230.77.139.15
752,Alyda,Pearcy,apearcykv@google.co.jp,Non-binary,113.75.47.68
753,Fran,Lamyman,flamymankw@bravesites.com,Female,248.19.202.159
754,Nellie,Baitey,nbaiteykx@ask.com,Female,98.34.217.29
755,Corbet,Aslam,caslamky@cbc.ca,Male,186.90.158.91
756,Yetta,Seeborne,yseebornekz@furl.net,Female,32.64.239.75
757,Wilhelmina,Sapir,wsapirl0@paypal.com,Female,52.16.58.93
758,Valentin,Stephens,vstephensl1@house.gov,Male,186.82.149.246
759,Corina,Jagson,cjagsonl2@cam.ac.uk,Female,248.227.40.30
760,Chelsea,Dumberell,cdumberelll3@whitehouse.gov,Female,54.159.31.186
761,Willetta,Shawyers,wshawyersl4@mail.ru,Female,50.91.235.154
762,Dora,Sutherden,dsutherdenl5@nih.gov,Female,156.170.74.68
763,Elaine,Worsam,eworsaml6@phpbb.com,Female,103.1.133.119
764,Leigh,Saxton,lsaxtonl7@paginegialle.it,Male,61.232.19.101
765,Franny,O'Kenny,fokennyl8@dion.ne.jp,Male,236.97.9.201
766,Keri,Coogan,kcooganl9@bloglovin.com,Female,12.165.172.81
767,Sonia,Noble,snoblela@bravesites.com,Female,66.134.168.15
768,Marina,Bruty,mbrutylb@unicef.org,Female,27.167.111.233
769,Thorvald,Soppit,tsoppitlc@dmoz.org,Male,234.70.77.17
770,Brady,Beaument,bbeaumentld@usnews.com,Male,110.45.57.36
771,Tony,De Lacey,tdelaceyle@nih.gov,Female,177.144.202.242
772,Maddalena,Yendall,myendalllf@unblog.fr,Female,153.200.52.127
773,Alleen,Rosina,arosinalg@storify.com,Polygender,173.8.51.166
774,Myer,Bullas,mbullaslh@comcast.net,Male,196.254.41.169
775,Wright,Batisse,wbatisseli@cnbc.com,Male,64.184.226.45
776,Gayler,Gaymar,ggaymarlj@tinyurl.com,Male,80.173.70.57
777,Carena,Cherry,ccherrylk@netlog.com,Non-binary,130.219.84.31
778,Estele,Winridge,ewinridgell@java.com,Non-binary,172.210.47.116
779,Helsa,Neasam,hneasamlm@dell.com,Female,155.82.220.46
780,Jamey,Labes,jlabesln@bravesites.com,Male,208.89.165.69
781,Carmine,Herkess,cherkesslo@japanpost.jp,Male,11.96.52.86
782,Lacy,Gowenlock,lgowenlocklp@admin.ch,Agender,28.31.103.72
783,Debbi,Banbrick,dbanbricklq@microsoft.com,Female,169.7.211.76
784,Tiffi,Yanov,tyanovlr@jugem.jp,Female,181.212.114.72
785,Nannie,Levi,nlevils@blogs.com,Female,237.193.97.176
786,Bernardo,Parrin,bparrinlt@mtv.com,Male,40.223.63.75
787,Cooper,Kleinhandler,ckleinhandlerlu@mediafire.com,Agender,243.207.8.109
788,Angel,Collocott,acollocottlv@usa.gov,Female,36.139.146.131
789,Aylmer,Gateland,agatelandlw@mit.edu,Male,220.232.73.10
790,Iolande,Shortt,ishorttlx@webnode.com,Female,56.202.94.78
791,Diannne,Kewley,dkewleyly@cmu.edu,Female,74.118.228.31
792,Melesa,Neate,mneatelz@ucoz.ru,Female,29.152.174.45
793,Richardo,Ropkes,rropkesm0@google.com.hk,Male,43.138.77.21
794,Noak,Ablewhite,nablewhitem1@privacy.gov.au,Male,22.123.3.186
795,Gamaliel,Moden,gmodenm2@gravatar.com,Male,42.62.167.111
796,Guendolen,Itshak,gitshakm3@independent.co.uk,Female,196.104.127.185
797,Alistair,McKirdy,amckirdym4@hugedomains.com,Male,186.171.196.120
798,Ross,Elgy,relgym5@flavors.me,Male,23.198.210.85
799,Pegeen,Syddie,psyddiem6@japanpost.jp,Female,55.255.20.171
800,Efrem,Plumstead,eplumsteadm7@liveinternet.ru,Male,186.241.143.146
801,Cassaundra,Eacott,ceacottm8@issuu.com,Female,81.189.246.223
802,Nathanil,McCroary,nmccroarym9@ibm.com,Male,22.51.71.212
803,Eirena,Redmond,eredmondma@list-manage.com,Female,55.142.254.43
804,Aron,Toffano,atoffanomb@marriott.com,Male,179.38.35.82
805,Nathanial,Althorp,nalthorpmc@slate.com,Male,143.45.27.210
806,Anet,Hewins,ahewinsmd@creativecommons.org,Female,140.201.182.131
807,Leonie,Hafford,lhaffordme@wsj.com,Female,34.77.217.135
808,Agathe,Cottem,acottemmf@yandex.ru,Female,121.217.72.216
809,Cymbre,Bontoft,cbontoftmg@storify.com,Polygender,188.247.132.166
810,Lorens,Krzysztofiak,lkrzysztofiakmh@ucoz.ru,Male,132.170.99.24
811,Mariele,Restill,mrestillmi@miibeian.gov.cn,Female,5.75.208.68
812,Aloise,Valintine,avalintinemj@cpanel.net,Female,205.75.199.58
813,Larisa,Gooden,lgoodenmk@huffingtonpost.com,Female,253.171.231.50
814,Timofei,Kainz,tkainzml@tinypic.com,Male,47.208.3.253
815,Ronnie,McIlvaney,rmcilvaneymm@goo.gl,Male,38.166.74.98
816,Bevan,Wilmot,bwilmotmn@ucla.edu,Male,140.72.83.28
817,Saunderson,Izard,sizardmo@issuu.com,Male,148.97.215.249
818,Ardelis,Skokoe,askokoemp@about.me,Female,213.44.160.249
819,Ola,Morphew,omorphewmq@ft.com,Female,22.68.151.191
820,Vere,Matusevich,vmatusevichmr@yahoo.co.jp,Non-binary,57.125.33.39
821,Carmen,Dunderdale,cdunderdalems@census.gov,Female,51.151.103.10
822,Garek,Durrell,gdurrellmt@squidoo.com,Male,231.175.98.225
823,Nerta,Strowlger,nstrowlgermu@blogtalkradio.com,Female,202.147.92.255
824,Peria,Vaissiere,pvaissieremv@ftc.gov,Female,159.83.241.51
825,Ginnifer,Knappitt,gknappittmw@cbc.ca,Female,32.200.251.30
826,Audra,Leroy,aleroymx@moonfruit.com,Female,9.178.157.136
827,Carling,Jeremaes,cjeremaesmy@bloglovin.com,Male,25.251.172.14
828,Ranee,Zealey,rzealeymz@ihg.com,Female,181.198.251.68
829,Darda,Searles,dsearlesn0@hugedomains.com,Female,127.43.75.254
830,Paige,Swynley,pswynleyn1@clickbank.net,Genderfluid,248.112.165.78
831,Nessie,Eickhoff,neickhoffn2@prweb.com,Female,134.199.73.116
832,Cecily,De Minico,cdeminicon3@behance.net,Female,11.223.115.50
833,Cheri,Scini,cscinin4@ask.com,Female,234.13.150.173
834,Hillel,Hardeman,hhardemann5@vk.com,Male,96.120.126.237
835,Louie,Alliott,lalliottn6@mapquest.com,Male,106.69.178.62
836,Kevan,Nasey,knaseyn7@csmonitor.com,Male,183.116.148.27
837,Carma,Cassedy,ccassedyn8@clickbank.net,Female,42.248.64.175
838,Eziechiele,Dahl,edahln9@msn.com,Male,65.118.139.99
839,Corny,Morland,cmorlandna@sfgate.com,Genderfluid,235.117.43.137
840,Heywood,Flockhart,hflockhartnb@hao123.com,Male,4.40.244.93
841,Nerissa,Tomasek,ntomaseknc@quantcast.com,Female,128.86.94.49
842,Yalonda,Koenraad,ykoenraadnd@java.com,Female,221.16.207.168
843,Deni,Troctor,dtroctorne@soundcloud.com,Female,215.70.12.224
844,Tresa,Rudinger,trudingernf@virginia.edu,Female,96.242.176.218
845,Estevan,Kopke,ekopkeng@amazon.de,Male,147.160.180.68
846,Janek,Yurin,jyurinnh@jugem.jp,Male,12.105.106.200
847,Morgen,Common,mcommonni@independent.co.uk,Female,56.55.78.163
848,Kendra,Kellaway,kkellawaynj@vinaora.com,Female,72.171.98.211
849,Catrina,Layhe,clayhenk@yahoo.co.jp,Female,66.160.164.218
850,Skipp,Dudding,sduddingnl@hostgator.com,Male,131.124.199.16
851,Auroora,Rassmann,arassmannnm@goo.gl,Female,53.213.149.125
852,Annie,Di Nisco,adinisconn@bbb.org,Female,205.234.107.182
853,Lek,Elbourn,lelbournno@howstuffworks.com,Male,140.169.227.138
854,Pen,Ebbett,pebbettnp@prnewswire.com,Female,94.113.84.183
855,Leigh,Deave,ldeavenq@hc360.com,Female,14.51.212.186
856,Elicia,Zanussii,ezanussiinr@ifeng.com,Female,24.222.195.193
857,Lauryn,Reynoldson,lreynoldsonns@marketwatch.com,Female,207.155.252.209
858,Germain,Pryor,gpryornt@google.com,Male,183.196.90.21
859,Ignace,Dirr,idirrnu@newyorker.com,Male,10.88.117.8
860,Franny,Najara,fnajaranv@google.ca,Male,177.78.14.190
861,Bethany,Albarez,balbareznw@msn.com,Genderfluid,72.45.16.110
862,Eartha,Dyzart,edyzartnx@marketwatch.com,Female,57.21.133.150
863,Adiana,Sprigg,aspriggny@utexas.edu,Female,242.179.80.71
864,Velma,Packman,vpackmannz@com.com,Female,231.168.43.140
865,Alisa,Viscovi,aviscovio0@t-online.de,Female,57.76.54.195
866,Danit,McGloughlin,dmcgloughlino1@marketwatch.com,Female,162.174.39.137
867,Almira,Polglase,apolglaseo2@wordpress.org,Female,246.227.79.86
868,Sollie,Elesander,selesandero3@google.fr,Male,72.254.205.227
869,Avrit,Ridley,aridleyo4@salon.com,Female,134.150.193.62
870,Freddie,Sherbourne,fsherbourneo5@indiegogo.com,Genderfluid,184.35.25.158
871,Jaquelin,Pund,jpundo6@deviantart.com,Female,8.76.63.90
872,Kerby,Sumshon,ksumshono7@elpais.com,Male,235.82.12.224
873,Kassey,Steptoe,ksteptoeo8@mozilla.com,Female,62.48.196.178
874,Jolynn,Curnok,jcurnoko9@craigslist.org,Female,152.234.248.41
875,Torrance,Coners,tconersoa@army.mil,Male,29.112.208.252
876,Knox,Bezley,kbezleyob@mayoclinic.com,Male,35.216.194.182
877,Grace,Petrakov,gpetrakovoc@devhub.com,Non-binary,10.227.85.229
878,Constanta,Birdwhistle,cbirdwhistleod@psu.edu,Female,97.6.59.225
879,Pietro,Bugbee,pbugbeeoe@hp.com,Male,254.71.61.223
880,Hoebart,Rochewell,hrochewellof@devhub.com,Male,122.31.85.43
881,Goraud,Pyecroft,gpyecroftog@slideshare.net,Male,110.197.183.152
882,Matelda,Tapscott,mtapscottoh@psu.edu,Female,163.121.184.57
883,Jaquenette,Mingame,jmingameoi@pinterest.com,Female,54.222.15.170
884,Jamie,Rosengarten,jrosengartenoj@t.co,Female,165.68.62.143
885,Petronella,Dash,pdashok@un.org,Female,76.14.62.69
886,Em,Folland,efollandol@senate.gov,Female,73.192.26.2
887,Bryon,Chellingworth,bchellingworthom@theguardian.com,Male,116.225.255.202
888,Randa,Chapple,rchappleon@4shared.com,Female,227.38.217.105
889,Melly,Murrum,mmurrumoo@chron.com,Female,239.14.133.109
890,Nestor,Demongeot,ndemongeotop@examiner.com,Male,163.252.161.89
891,Courtenay,Dumpleton,cdumpletonoq@photobucket.com,Female,224.144.97.15
892,Vernor,Ducarel,vducarelor@amazon.com,Male,186.228.245.77
893,Lura,Izod,lizodos@cdbaby.com,Female,165.14.138.3
894,Dino,Galea,dgaleaot@flickr.com,Male,239.30.169.83
895,Alejoa,Figgs,afiggsou@foxnews.com,Male,8.29.246.233
896,Eda,Pogson,epogsonov@altervista.org,Female,252.82.29.83
897,Eran,Stovell,estovellow@pinterest.com,Female,92.84.21.222
898,Ignacius,Colvin,icolvinox@google.de,Male,136.71.209.73
899,Jolene,Slafford,jslaffordoy@sciencedaily.com,Female,233.213.202.53
900,Pia,Larham,plarhamoz@hp.com,Female,123.18.59.216
901,Clarisse,Maddrah,cmaddrahp0@blogs.com,Female,160.250.209.24
902,Syd,MacKnocker,smacknockerp1@sitemeter.com,Male,112.193.142.129
903,Mireille,Patry,mpatryp2@sakura.ne.jp,Female,231.182.174.195
904,Norri,Daltrey,ndaltreyp3@networkadvertising.org,Female,108.155.99.64
905,Branden,McVane,bmcvanep4@sohu.com,Male,146.187.49.56
906,Fabio,Doust,fdoustp5@hexun.com,Male,9.44.54.91
907,Wayne,Law,wlawp6@wordpress.com,Male,95.31.129.233
908,Clark,Davisson,cdavissonp7@admin.ch,Male,89.7.234.28
909,Sheff,Michurin,smichurinp8@chronoengine.com,Male,58.202.148.6
910,Quincy,Briztman,qbriztmanp9@miibeian.gov.cn,Male,60.190.176.163
911,Chris,Collens,ccollenspa@samsung.com,Female,23.229.193.210
912,Antoinette,Budcock,abudcockpb@forbes.com,Female,198.48.89.168
913,Clyde,Atwool,catwoolpc@stumbleupon.com,Male,170.244.134.148
914,Emmeline,Thynne,ethynnepd@cpanel.net,Non-binary,161.3.75.244
915,Deonne,Raatz,draatzpe@vimeo.com,Female,205.67.112.237
916,Liva,MacMickan,lmacmickanpf@constantcontact.com,Female,24.32.37.235
917,Mallory,Hornbuckle,mhornbucklepg@shutterfly.com,Female,83.95.190.97
918,Stanfield,Backen,sbackenph@ucoz.com,Male,152.219.75.145
919,Madlin,Konert,mkonertpi@domainmarket.com,Female,14.193.228.149
920,Skipton,Sapsed,ssapsedpj@freewebs.com,Non-binary,150.111.213.191
921,Petra,Walsh,pwalshpk@cbc.ca,Female,239.103.238.97
922,Barbe,Dankersley,bdankersleypl@biblegateway.com,Female,32.226.252.118
923,Lizzy,Osgar,losgarpm@com.com,Female,241.30.38.82
924,Saunderson,Penticoot,spenticootpn@live.com,Male,241.246.77.139
925,Pembroke,Brehat,pbrehatpo@360.cn,Male,145.75.89.115
926,Aguistin,Loftie,aloftiepp@wsj.com,Male,46.211.34.109
927,Walker,Lowell,wlowellpq@sogou.com,Bigender,172.8.232.176
928,Tildy,Ortsmann,tortsmannpr@bizjournals.com,Female,155.25.251.41
929,Moyra,Macklin,mmacklinps@nymag.com,Female,68.247.126.60
930,Hali,Coaten,hcoatenpt@cdbaby.com,Female,248.47.219.176
931,Brockie,Smithyman,bsmithymanpu@last.fm,Bigender,24.245.223.134
932,Lucila,Seares,lsearespv@opensource.org,Female,5.27.92.92
933,Dede,Dwyer,ddwyerpw@reuters.com,Female,107.118.181.12
934,Briana,Gallard,bgallardpx@yelp.com,Female,246.44.147.50
935,Ario,Cottie,acottiepy@vimeo.com,Male,181.193.140.236
936,Elsbeth,Skillanders,eskillanderspz@dailymail.co.uk,Female,83.70.2.128
937,Arnaldo,Jirak,ajirakq0@boston.com,Male,201.22.23.125
938,Annabela,Squeers,asqueersq1@berkeley.edu,Female,119.246.228.191
939,Zia,Farnorth,zfarnorthq2@amazon.de,Genderfluid,204.36.45.194
940,Dina,Bartolomieu,dbartolomieuq3@unesco.org,Female,150.156.105.46
941,Sephira,Alennikov,salennikovq4@ca.gov,Female,158.223.28.78
942,Anstice,Itzchaki,aitzchakiq5@hud.gov,Female,134.1.90.28
943,Audre,McGowan,amcgowanq6@cyberchimps.com,Female,77.184.54.72
944,Pierce,Widd,pwiddq7@joomla.org,Male,207.64.101.23
945,Ester,Mosley,emosleyq8@gov.uk,Female,70.82.10.149
946,Jasper,Escritt,jescrittq9@unicef.org,Male,121.80.7.109
947,Maurizio,Davenport,mdavenportqa@bloomberg.com,Male,10.78.179.224
948,Reba,Thorbon,rthorbonqb@ucoz.com,Female,249.174.53.122
949,Darwin,Wontner,dwontnerqc@fotki.com,Male,134.110.31.55
950,Sheba,Hessentaler,shessentalerqd@latimes.com,Female,140.171.227.32
951,Weidar,Frigout,wfrigoutqe@harvard.edu,Male,213.121.21.93
952,Vinnie,Basson,vbassonqf@last.fm,Male,168.221.204.232
953,Chic,Pentin,cpentinqg@irs.gov,Male,6.151.14.219
954,Marabel,Bestwall,mbestwallqh@addtoany.com,Female,206.166.97.90
955,Lucien,Standingford,lstandingfordqi@biglobe.ne.jp,Agender,29.199.222.232
956,Bettine,Marriage,bmarriageqj@ft.com,Female,40.107.243.71
957,Julie,Genn,jgennqk@omniture.com,Male,216.178.117.81
958,Edgardo,Chesher,echesherql@nytimes.com,Male,144.169.96.189
959,Shane,Kovelmann,skovelmannqm@webeden.co.uk,Male,4.255.130.64
960,Garreth,Legrice,glegriceqn@msn.com,Male,230.67.73.228
961,Filip,Metzig,fmetzigqo@homestead.com,Male,167.23.150.72
962,Harlan,Crenage,hcrenageqp@ehow.com,Male,100.235.129.146
963,Merle,Lahrs,mlahrsqq@ovh.net,Male,20.113.42.38
964,Deny,Chomiszewski,dchomiszewskiqr@dropbox.com,Agender,26.237.159.231
965,Penny,Wathall,pwathallqs@usda.gov,Male,29.214.225.114
966,Herc,Duggen,hduggenqt@ezinearticles.com,Male,28.138.145.6
967,Diarmid,Pentelo,dpenteloqu@jigsy.com,Male,254.43.62.104
968,Lonnie,Corkhill,lcorkhillqv@g.co,Male,230.21.101.142
969,Wadsworth,Augustin,waugustinqw@telegraph.co.uk,Male,95.66.187.220
970,Nolly,Kike,nkikeqx@so-net.ne.jp,Male,20.121.240.32
971,Zaneta,Torri,ztorriqy@mayoclinic.com,Female,98.133.174.164
972,Gilly,Ramsell,gramsellqz@nba.com,Female,92.21.42.190
973,Pollyanna,McCluskey,pmccluskeyr0@state.gov,Bigender,112.192.53.114
974,Ede,Esherwood,eesherwoodr1@cornell.edu,Female,53.70.164.7
975,Katusha,McTavish,kmctavishr2@linkedin.com,Female,160.186.244.164
976,Kimberli,Giller,kgillerr3@tumblr.com,Genderfluid,93.162.186.27
977,Galvin,Kersley,gkersleyr4@forbes.com,Male,210.47.132.180
978,Claude,Peerman,cpeermanr5@ihg.com,Female,118.38.166.237
979,Conan,Rijkeseis,crijkeseisr6@washington.edu,Male,131.37.124.98
980,Kelwin,Nielson,knielsonr7@sun.com,Male,205.79.1.149
981,Rowland,Avieson,raviesonr8@free.fr,Male,86.220.8.240
982,Dita,Firpi,dfirpir9@cornell.edu,Female,118.5.133.55
983,Putnam,Readings,preadingsra@cpanel.net,Male,209.152.18.246
984,Chiarra,Fishpool,cfishpoolrb@comcast.net,Female,56.173.218.43
985,Pollyanna,Soff,psoffrc@toplist.cz,Female,107.163.215.41
986,Isaiah,Awcoate,iawcoaterd@arizona.edu,Agender,161.172.250.196
987,Yvette,Viney,yvineyre@unblog.fr,Polygender,11.131.10.29
988,Gaelan,Vereker,gverekerrf@mapy.cz,Male,121.136.115.19
989,Kim,Mortimer,kmortimerrg@freewebs.com,Male,255.95.103.207
990,Noel,Ickowicz,nickowiczrh@nbcnews.com,Female,58.33.148.76
991,Lin,Torra,ltorrari@youtu.be,Female,17.76.124.222
992,Skyler,Romney,sromneyrj@facebook.com,Male,91.108.136.182
993,Yale,Weekley,yweekleyrk@slideshare.net,Male,250.162.230.68
994,Matthew,Chiddy,mchiddyrl@miitbeian.gov.cn,Male,6.34.134.27
995,Carolus,Reyne,creynerm@opensource.org,Male,150.61.132.205
996,Michaella,Antoniat,mantoniatrn@desdev.cn,Genderfluid,172.222.71.36
997,Krisha,Soloway,ksolowayro@liveinternet.ru,Male,86.25.1.53
998,Stefano,Emmet,semmetrp@squarespace.com,Male,29.210.71.150
999,Granthem,Hatherley,ghatherleyrq@google.de,Male,57.87.128.197
1000,Linn,Tesche,ltescherr@ask.com,Female,90.121.201.97
